Cidade;Logs;%
Abrantes;40;0,0
Açores;89;0,1
Agualva;60;0,1
Águas Santas;284;0,3
Águeda;203;0,2
Albergaria-a-Velha;115;0,1
Albufeira;16;0,0
Alcabideche;89;0,1
Alcobaça;56;0,1
Alenquer;83;0,1
Alfena;78;0,1
Algés;270;0,3
Algoz;229;0,2
Algueirão-Mem Martins;295;0,3
Alhandra;37;0,0
Almada;1129;1,2
Almalaguês;44;0,0
Almancil;42;0,0
Almodôvar;45;0,0
Alverca do Ribatejo;127;0,1
Amadora;699;0,7
Amarante;46;0,0
Amora;263;0,3
Anadia;120;0,1
Angra do Heroísmo;54;0,1
Arcozelo;156;0,2
Argivai;17;0,0
Argoncilhe;139;0,1
Arouca;3;0,0
Arrifana;11;0,0
Arruda dos Vinhos;49;0,1
Atalaia;38;0,0
Avanca;10;0,0
Aveiras de Cima;16;0,0
Aveiro;5707;5,9
Avintes;183;0,2
Baguim do Monte;8;0,0
Baião;102;0,1
Baltar;75;0,1
Barbudo;53;0,1
Barcarena;108;0,1
Barcelos;767;0,8
Barco;25;0,0
Barreiro;528;0,5
Batalha;7;0,0
Beja;45;0,0
Belas;91;0,1
Benavente;163;0,2
Bencatel;10;0,0
Benedita;6;0,0
Bente;15;0,0
Bitarães;35;0,0
Bobadela;59;0,1
Braga;3930;3,8
Bragança;78;0,1
Brasfemes;173;0,2
Buarcos;5;0,0
Bucelas;276;0,3
Caldas da Rainha;174;0,2
Calvaria de Cima;49;
Caminha;45;0,0
Campanario;20;0,0
Campelos;40;0,0
Campo;80;0,1
Campo de Besteiros;10;0,0
Canidelo;50;0,1
Cantanhede;186;0,2
Caparica;415;0,4
Carcavelos;15;0,0
Carnaxide;201;0,2
Carreira;15;0,0
Cartaxo;76;0,1
Cascais;167;0,2
Castanheira do Ribatejo;22;0,0
Castelo Branco;689;0,2
Castelo de Paiva;16;0,0
Chaves;18;0,0
Coimbra;6399;
Condeixa-a-Nova;187;0,2
Constância;20;
Cortes;11;
Costa da Caparica;40;0,0
Couto de Baixo;80;0,1
Covilhã;526;0,5
Cruz Quebrada;5;0,0
Dois Portos;47;
Eixo;50;0,1
Elvas;11;0,0
Entroncamento;96;0,1
Ermesinde;191;0,2
Erveredo;22;
Esmoriz;94;0,1
Estarreja;20;0,0
Évora;407;0,4
Fafe;78;0,1
Fânzeres;58;0,1
Faro;855;
Fátima;34;0,0
Fazendas de Almeirim;17;0,0
Ferrel;162;0,2
Figueira da Foz;301;0,3
Figueiró dos Vinhos;113;0,1
Fítima;5;0,0
Forte da Casa;2;0,0
Freamunde;12;0,0
Funchal;353;0,4
Gafanha da Boa Hora;8;0,0
Gandra;7;0,0
Golegã;5;0,0
Gouveia;19;0,0
Guarda;353;0,3
Guidões;48;0,0
Guimarães;1200;1,0
Horta;9;0,0
Idanha a Nova;63;0,1
Ílhavo;228;0,2
Joane;24;0,0
Jovim;44;0,0
Lago;57;0,1
Lagos;48;0,0
Lamego;235;0,2
Leiria;29;
Linda-a-Velha;238;0,2
Lisboa;42417;44,0
Loulé;597;0,6
Loures;18;0,0
Lousã;830;0,9
Lousada;139;0,1
Mafra;51;0,1
Maia;2020;2,1
Manteigas;30;
Marinha Grande;80;0,1
Marrazes;54;0,1
Mealhada;20;0,0
Melides;15;0,0
Milheirós;2;0,0
Mirandela;12;0,0
Moimenta da Beira;2;0,0
Moita;5;0,0
Moita dos Ferreiros;45;0,0
Monte Redondo;63;0,1
Montemor-o-Velho;2;0,0
Moscavide;56;0,1
N/A;10704;11,1
Óbidos;89;0,1
Odemira;4;0,0
Odivelas;614;0,6
Oeiras;381;0,2
Oiã;33;0,0
Olhão;17;0,0
Oliveira de Azeméis;65;0,1
Oliveira do Hospital;50;0,1
Ourém;17;0,0
Paço de Arcos;46;0,0
Paços de Ferreira;270;0,3
Paio Pires;41;0,0
Palmela;149;0,2
Parede;346;0,4
Pedreiras;8;
Pegões;12;0,0
Penacova;57;
Penafiel;873;0,9
Pêro Pinheiro;19;0,0
Pombal;9;0,0
Ponta Delgada;30;0,0
Ponte do Rol;6;0,0
Portalegre;111;
Portimão;91;0,1
Porto;724;0,3
Porto de Mós;42;0,0
Porto Salvo;45;0,0
Póvoa de Lanhoso;80;0,1
Póvoa de Santa Iria;38;0,0
Póvoa de Varzim;264;0,3
Praia do Ribatejo;2;0,0
Proença-a-Nova;7;0,0
Quarteira;32;0,0
Queluz;1204;1,3
Rebordosa;36;0,0
Requeixo;25;
Resende;12;
Ribeira de Pena;2;
Rio de Mouro;168;0,2
Rio Maior;116;0,1
Rio Tinto;664;0,7
Sacavém;4;0,0
Salir;2;0,0
Samora Correia;17;0,0
Santa Comba Dão;68;0,1
Santa Iria de Azoia;6;0,0
Santa Maria da Feira;224;0,2
Santarém;188;0,1
Santiago do Cacém;30;0,0
Santo Adrião Vizela;47;0,0
Santo Tirso;108;0,1
São Brás de Alportel;12;0,0
São Domingos de Rana;742;0,8
São João da Madeira;394;0,4
São João das Lampas;127;0,1
São Lourenço (Vila Nogueira de Azeitão);101;0,1
São Mamede de Infesta;369;0,4
São Marcos;2;0,0
Sardoal;10;0,0
Seia;274;0,3
Seixal;41;0,0
Sesimbra;29;
Setúbal;636;0,6
Silveira;14;0,0
Silves;22;0,0
Sintra;119;0,1
Sobrado;37;0,0
Sobral de Monte Agraço;37;
Sobrosa;114;0,1
Taveiro;20;0,0
Tavira;24;0,0
Telhado;54;0,1
Tomar;6;0,0
Tondela;4;0,0
Torres Novas;45;0,0
Torres Vedras;310;0,3
Trafaria;77;0,1
Trancoso;128;0,1
Trevões;21;0,0
Vale de Cambra;102;0,1
Valinho da Cruz;345;0,4
Valongo;375;0,4
Venda do Pinheiro;8;0,0
Vendas Novas;18;0,0
Vermelha;48;0,0
Viana do Castelo;636;0,6
Vieira de Leiria;93;0,1
Vila do Conde;155;0,2
Vila Franca de Xira;93;0,1
Vila Nova de Cerveira;333;0,3
Vila Nova de Famalicão;641;0,7
Vila Nova de Gaia;1346;1,4
Vila Nova de Milfontes;65;0,1
Vila Real;220;0,1
Vila Viçosa;28;0,0
Vilar de Pinheiro;24;0,0
Viseu;712;0,7
;106166;